5.536876916885375977e-01,1.246427595615386963e-01,2.667257934808731079e-02,7.354656700044870377e-03,1.337674409151077271e-01,1.538749188184738159e-01
4.770880043506622314e-01,8.283184468746185303e-02,2.009165287017822266e-02,4.825207404792308807e-03,1.710992455482482910e-01,2.440640479326248169e-01
4.569067955017089844e-01,6.586147099733352661e-02,1.506493054330348969e-02,4.566321149468421936e-03,1.451802998781204224e-01,3.124200999736785889e-01
5.057072639465332031e-01,8.419890701770782471e-02,1.606159470975399017e-02,4.499874077737331390e-03,1.834628731012344360e-01,2.060694694519042969e-01
4.020282924175262451e-01,6.003529578447341919e-02,1.715036481618881226e-02,4.672250244766473770e-03,3.018050193786621094e-01,2.143087089061737061e-01
2.869103550910949707e-01,4.403514042496681213e-02,1.535497605800628662e-02,2.578514395281672478e-03,5.499021410942077637e-01,1.012188419699668884e-01
2.895897030830383301e-01,6.204157322645187378e-02,1.240929961204528809e-02,1.264870516024529934e-03,5.828956961631774902e-01,5.179887637495994568e-02
4.464804232120513916e-01,1.411531865596771240e-01,1.486672926694154739e-02,1.718791783787310123e-03,3.355455398559570312e-01,6.023529544472694397e-02
5.694802403450012207e-01,2.341021746397018433e-01,1.660910062491893768e-02,4.938873928040266037e-03,1.017260625958442688e-01,7.314357906579971313e-02
5.832844376564025879e-01,1.333343833684921265e-01,1.565027050673961639e-02,7.952057756483554840e-03,7.397940754890441895e-02,1.857994347810745239e-01
4.904606938362121582e-01,1.936222761869430542e-01,3.845307976007461548e-02,1.260864362120628357e-02,1.208652928471565247e-01,1.439900100231170654e-01
3.673673272132873535e-01,1.403877288103103638e-01,3.762047365307807922e-02,6.891937926411628723e-03,3.145313560962677002e-01,1.332011222839355469e-01
2.564501464366912842e-01,7.848778367042541504e-02,4.255754128098487854e-02,3.887990955263376236e-03,5.484672188758850098e-01,7.014930248260498047e-02
2.092220336198806763e-01,4.125940799713134766e-02,2.668954432010650635e-02,1.060702372342348099e-03,6.827718019485473633e-01,3.899650275707244873e-02
3.081497848033905029e-01,9.276061505079269409e-02,3.978039696812629700e-02,3.764400957152247429e-03,4.440996050834655762e-01,1.114452779293060303e-01
2.514322698116302490e-01,1.020653769373893738e-01,3.103342466056346893e-02,3.993503283709287643e-03,4.749318361282348633e-01,1.365436166524887085e-01
2.971443235874176025e-01,3.407467305660247803e-01,5.344199389219284058e-02,1.934120431542396545e-02,1.156054958701133728e-01,1.737202107906341553e-01
2.961152195930480957e-01,5.265679359436035156e-01,3.510995209217071533e-02,2.058619260787963867e-02,4.124153032898902893e-02,8.037916570901870728e-02
5.194706320762634277e-01,2.969777882099151611e-01,4.826419427990913391e-02,5.773481354117393494e-02,1.887693628668785095e-02,5.867570638656616211e-02
6.405386924743652344e-01,1.923793703317642212e-01,5.625113844871520996e-02,8.256302773952484131e-02,8.893841877579689026e-03,1.937396824359893799e-02
7.353910207748413086e-01,1.378936618566513062e-01,3.944225981831550598e-02,6.494277715682983398e-02,7.640649098902940750e-03,1.468965318053960800e-02
8.277851939201354980e-01,5.116631463170051575e-02,3.824523463845252991e-02,5.387150868773460388e-02,1.327685546129941940e-02,1.565489359200000763e-02
7.640008926391601562e-01,1.100593954324722290e-01,3.633353486657142639e-02,5.508741363883018494e-02,1.801099069416522980e-02,1.650786772370338440e-02
7.702493071556091309e-01,1.028638109564781189e-01,2.602322399616241455e-02,6.240199133753776550e-02,1.629183813929557800e-02,2.216983214020729065e-02
7.621484398841857910e-01,1.186710447072982788e-01,2.289395220577716827e-02,5.833460763096809387e-02,1.405294332653284073e-02,2.389902994036674500e-02
7.521368861198425293e-01,1.244172006845474243e-01,2.267712540924549103e-02,6.106720119714736938e-02,1.389400940388441086e-02,2.580757439136505127e-02
7.449032068252563477e-01,1.305441111326217651e-01,2.308316715061664581e-02,6.007130071520805359e-02,1.470068749040365219e-02,2.669761516153812408e-02
7.541640400886535645e-01,1.252008676528930664e-01,2.296117693185806274e-02,5.427084118127822876e-02,1.619320549070835114e-02,2.720987796783447266e-02
7.454600930213928223e-01,1.334352344274520874e-01,2.294239215552806854e-02,5.754990503191947937e-02,1.468141470104455948e-02,2.593098022043704987e-02
7.457121014595031738e-01,1.373316496610641479e-01,2.284863218665122986e-02,5.453203618526458740e-02,1.447202637791633606e-02,2.510349825024604797e-02
7.522507905960083008e-01,1.287395656108856201e-01,2.317274361848831177e-02,5.744066089391708374e-02,1.365850213915109634e-02,2.473773062229156494e-02
7.544898390769958496e-01,1.287076622247695923e-01,2.221699804067611694e-02,5.518000945448875427e-02,1.376604661345481873e-02,2.563955448567867279e-02
7.758764028549194336e-01,1.002741456031799316e-01,2.195961587131023407e-02,6.308635324239730835e-02,1.200610306113958359e-02,2.679742872714996338e-02
7.707241773605346680e-01,1.044508814811706543e-01,2.218134328722953796e-02,6.186769530177116394e-02,1.268702279776334763e-02,2.808896452188491821e-02
7.761700749397277832e-01,9.591342508792877197e-02,2.224651165306568146e-02,6.146364286541938782e-02,1.380095351487398148e-02,3.040547668933868408e-02
7.681391239166259766e-01,1.030858010053634644e-01,2.236800454556941986e-02,6.284978240728378296e-02,1.337299402803182602e-02,3.018430434167385101e-02
7.604956626892089844e-01,1.169006079435348511e-01,2.277994714677333832e-02,5.548047274351119995e-02,1.503651123493909836e-02,2.930685877799987793e-02
7.641974091529846191e-01,1.103030964732170105e-01,2.202609740197658539e-02,5.808004736900329590e-02,1.480405591428279877e-02,3.058926947414875031e-02
7.555111646652221680e-01,1.207311972975730896e-01,2.222052589058876038e-02,5.807393416762351990e-02,1.392992399632930756e-02,2.953328564763069153e-02
7.521534562110900879e-01,1.270519495010375977e-01,2.310534752905368805e-02,5.363249778747558594e-02,1.555608771741390228e-02,2.850065939128398895e-02
7.597710490226745605e-01,1.266738325357437134e-01,2.702334336936473846e-02,4.252037778496742249e-02,1.855511404573917389e-02,2.545630186796188354e-02
6.650906801223754883e-01,2.108442336320877075e-01,3.637185320258140564e-02,3.510951250791549683e-02,2.701560221612453461e-02,2.556811459362506866e-02
6.052165627479553223e-01,2.864292562007904053e-01,3.917166218161582947e-02,3.180366382002830505e-02,1.577649638056755066e-02,2.160237170755863190e-02
5.360364913940429688e-01,3.509158492088317871e-01,4.177820682525634766e-02,3.371499851346015930e-02,1.661404594779014587e-02,2.094037272036075592e-02
4.488681554794311523e-01,3.726400136947631836e-01,6.356841325759887695e-02,2.814554609358310699e-02,4.747255519032478333e-02,3.930537030100822449e-02
5.415225625038146973e-01,2.025633752346038818e-01,5.375609546899795532e-02,1.906212046742439270e-02,9.313796460628509521e-02,8.995785564184188843e-02
4.602561295032501221e-01,2.883935272693634033e-01,7.751783728599548340e-02,2.148517966270446777e-02,8.717948198318481445e-02,6.516788154840469360e-02
5.054367780685424805e-01,2.882077097892761230e-01,4.719207808375358582e-02,5.317018181085586548e-02,4.716980457305908203e-02,5.882348492741584778e-02
5.733200311660766602e-01,2.361170202493667603e-01,4.348432272672653198e-02,1.071871668100357056e-01,1.005538832396268845e-02,2.983597293496131897e-02
4.715268611907958984e-01,3.381716609001159668e-01,2.930619753897190094e-02,1.465355306863784790e-01,3.072560299187898636e-03,1.138719171285629272e-02
5.362873077392578125e-01,3.221943676471710205e-01,2.113969065248966217e-02,1.065944060683250427e-01,2.972862916067242622e-03,1.081137917935848236e-02
5.121799111366271973e-01,3.897649645805358887e-01,3.311232104897499084e-02,3.961521759629249573e-02,1.169842761009931564e-02,1.362910121679306030e-02
4.890234768390655518e-01,4.310911297798156738e-01,3.159423917531967163e-02,2.296873182058334351e-02,1.287692971527576447e-02,1.244551688432693481e-02
4.779141843318939209e-01,4.450309276580810547e-01,3.079680912196636200e-02,1.975998654961585999e-02,1.397450547665357590e-02,1.252354867756366730e-02
4.784131348133087158e-01,4.445021450519561768e-01,3.080300986766815186e-02,1.979129202663898468e-02,1.396030932664871216e-02,1.253017410635948181e-02
4.784591495990753174e-01,4.444531202316284180e-01,3.080357238650321960e-02,1.979343965649604797e-02,1.395962107926607132e-02,1.253105700016021729e-02
4.784609079360961914e-01,4.444513618946075439e-01,3.080359101295471191e-02,1.979349553585052490e-02,1.395961921662092209e-02,1.253110915422439575e-02
4.784613847732543945e-01,4.444508850574493408e-01,3.080356679856777191e-02,1.979351416230201721e-02,1.395958568900823593e-02,1.253109145909547806e-02
4.784617722034454346e-01,4.444504380226135254e-01,3.080355003476142883e-02,1.979354023933410645e-02,1.395956426858901978e-02,1.253108773380517960e-02
4.784612357616424561e-01,4.444510042667388916e-01,3.080357238650321960e-02,1.979353651404380798e-02,1.395957544445991516e-02,1.253108773380517960e-02
4.784610569477081299e-01,4.444512724876403809e-01,3.080354630947113037e-02,1.979352347552776337e-02,1.395956333726644516e-02,1.253106910735368729e-02
4.784612357616424561e-01,4.444511830806732178e-01,3.080355003476142883e-02,1.979350857436656952e-02,1.395956799387931824e-02,1.253107562661170959e-02
4.784611165523529053e-01,4.444511234760284424e-01,3.080357424914836884e-02,1.979349367320537567e-02,1.395960524678230286e-02,1.253109704703092575e-02
4.784613251686096191e-01,4.444509446620941162e-01,3.080357052385807037e-02,1.979350671172142029e-02,1.395958755165338516e-02,1.253108493983745575e-02
4.784614443778991699e-01,4.444507956504821777e-01,3.080357797443866730e-02,1.979351788759231567e-02,1.395958755165338516e-02,1.253109332174062729e-02
4.784614443778991699e-01,4.444507956504821777e-01,3.080356493592262268e-02,1.979347877204418182e-02,1.395960804075002670e-02,1.253109890967607498e-02
4.784609079360961914e-01,4.444513618946075439e-01,3.080357611179351807e-02,1.979350298643112183e-02,1.395960617810487747e-02,1.253109704703092575e-02
4.784609973430633545e-01,4.444512724876403809e-01,3.080355003476142883e-02,1.979351229965686798e-02,1.395958848297595978e-02,1.253109425306320190e-02
4.784613251686096191e-01,4.444510042667388916e-01,3.080354258418083191e-02,1.979349181056022644e-02,1.395957823842763901e-02,1.253108959645032883e-02
4.784612357616424561e-01,4.444511234760284424e-01,3.080355003476142883e-02,1.979352347552776337e-02,1.395957916975021362e-02,1.253108773380517960e-02
4.784606695175170898e-01,4.444515705108642578e-01,3.080354630947113037e-02,1.979351416230201721e-02,1.395957265049219131e-02,1.253107283264398575e-02
4.784613251686096191e-01,4.444509446620941162e-01,3.080351278185844421e-02,1.979352161288261414e-02,1.395955123007297516e-02,1.253107842057943344e-02
4.784612655639648438e-01,4.444510042667388916e-01,3.080353885889053345e-02,1.979351788759231567e-02,1.395956613123416901e-02,1.253108307719230652e-02
4.784617125988006592e-01,4.444505572319030762e-01,3.080355189740657806e-02,1.979354582726955414e-02,1.395956240594387054e-02,1.253108866512775421e-02
4.784614443778991699e-01,4.444508254528045654e-01,3.080355003476142883e-02,1.979354023933410645e-02,1.395955123007297516e-02,1.253107562661170959e-02
4.784615635871887207e-01,4.444506764411926270e-01,3.080352954566478729e-02,1.979350857436656952e-02,1.395958475768566132e-02,1.253109611570835114e-02
4.784615635871887207e-01,4.444506764411926270e-01,3.080352954566478729e-02,1.979350298643112183e-02,1.395958475768566132e-02,1.253109611570835114e-02
4.784611761569976807e-01,4.444511830806732178e-01,3.080354630947113037e-02,1.979351416230201721e-02,1.395956985652446747e-02,1.253107469528913498e-02
4.784613251686096191e-01,4.444510042667388916e-01,3.080356307327747345e-02,1.979350112378597260e-02,1.395959127694368362e-02,1.253109611570835114e-02
4.784607291221618652e-01,4.444515109062194824e-01,3.080356493592262268e-02,1.979345828294754028e-02,1.395962014794349670e-02,1.253110077232122421e-02
4.784607887268066406e-01,4.444514513015747070e-01,3.080357611179351807e-02,1.979348435997962952e-02,1.395961549133062363e-02,1.253110636025667191e-02
4.784609079360961914e-01,4.444513618946075439e-01,3.080356866121292114e-02,1.979348994791507721e-02,1.395960617810487747e-02,1.253109704703092575e-02
4.784611761569976807e-01,4.444510638713836670e-01,3.080356121063232422e-02,1.979350671172142029e-02,1.395957358181476593e-02,1.253108028322458267e-02
4.784614443778991699e-01,4.444507956504821777e-01,3.080352209508419037e-02,1.979349739849567413e-02,1.395956799387931824e-02,1.253108121454715729e-02
4.784617722034454346e-01,4.444504380226135254e-01,3.080354258418083191e-02,1.979354768991470337e-02,1.395956426858901978e-02,1.253108773380517960e-02
4.784619212150573730e-01,4.444503784179687500e-01,3.080353699624538422e-02,1.979355514049530029e-02,1.395954843610525131e-02,1.253108214586973190e-02
4.784613251686096191e-01,4.444508254528045654e-01,3.080357052385807037e-02,1.979354955255985260e-02,1.395957078784704208e-02,1.253108773380517960e-02
4.784611165523529053e-01,4.444512426853179932e-01,3.080352954566478729e-02,1.979351229965686798e-02,1.395956519991159439e-02,1.253107283264398575e-02
4.784611165523529053e-01,4.444511830806732178e-01,3.080355003476142883e-02,1.979346387088298798e-02,1.395960524678230286e-02,1.253109704703092575e-02
4.784607887268066406e-01,4.444513916969299316e-01,3.080356866121292114e-02,1.979347132146358490e-02,1.395960897207260132e-02,1.253109984099864960e-02
4.784611165523529053e-01,4.444511830806732178e-01,3.080358169972896576e-02,1.979352161288261414e-02,1.395957544445991516e-02,1.253107935190200806e-02
4.784612357616424561e-01,4.444511234760284424e-01,3.080358915030956268e-02,1.979348063468933105e-02,1.395960804075002670e-02,1.253109984099864960e-02
4.784609079360961914e-01,4.444514214992523193e-01,3.080356121063232422e-02,1.979348994791507721e-02,1.395960897207260132e-02,1.253109704703092575e-02
4.784607291221618652e-01,4.444515407085418701e-01,3.080356493592262268e-02,1.979346759617328644e-02,1.395960710942745209e-02,1.253108307719230652e-02
4.784616529941558838e-01,4.444506168365478516e-01,3.080355562269687653e-02,1.979351602494716644e-02,1.395957451313734055e-02,1.253108028322458267e-02
4.784609973430633545e-01,4.444512724876403809e-01,3.080354258418083191e-02,1.979349926114082336e-02,1.395959500223398209e-02,1.253108773380517960e-02
4.784609079360961914e-01,4.444514214992523193e-01,3.080356866121292114e-02,1.979349553585052490e-02,1.395961176604032516e-02,1.253109145909547806e-02
4.784611165523529053e-01,4.444511234760284424e-01,3.080355748534202576e-02,1.979350298643112183e-02,1.395959127694368362e-02,1.253108493983745575e-02
4.784609079360961914e-01,4.444514214992523193e-01,3.080357611179351807e-02,1.979346573352813721e-02,1.395962573587894440e-02,1.253110356628894806e-02
4.784608483314514160e-01,4.444513618946075439e-01,3.080359287559986115e-02,1.979349553585052490e-02,1.395960431545972824e-02,1.253109518438577652e-02
4.784610569477081299e-01,4.444511830806732178e-01,3.080356121063232422e-02,1.979348994791507721e-02,1.395960338413715363e-02,1.253108959645032883e-02
4.784612655639648438e-01,4.444510042667388916e-01,3.080354630947113037e-02,1.979348063468933105e-02,1.395959593355655670e-02,1.253108866512775421e-02
4.784612357616424561e-01,4.444510638713836670e-01,3.080357238650321960e-02,1.979348808526992798e-02,1.395960804075002670e-02,1.253109984099864960e-02
4.784610569477081299e-01,4.444511830806732178e-01,3.080358542501926422e-02,1.979350484907627106e-02,1.395960710942745209e-02,1.253109518438577652e-02
4.784615635871887207e-01,4.444507360458374023e-01,3.080357238650321960e-02,1.979350298643112183e-02,1.395960804075002670e-02,1.253110263496637344e-02
4.784651994705200195e-01,4.444459080696105957e-01,3.080405481159687042e-02,1.979386992752552032e-02,1.395975425839424133e-02,1.253115572035312653e-02
4.786912202835083008e-01,4.441508352756500244e-01,3.082983754575252533e-02,1.982830837368965149e-02,1.396108791232109070e-02,1.253875531256198883e-02
4.976552426815032959e-01,4.216660261154174805e-01,3.196666389703750610e-02,2.251693792641162872e-02,1.328942272812128067e-02,1.290582492947578430e-02
5.157157182693481445e-01,3.986542820930480957e-01,3.391050547361373901e-02,2.861270494759082794e-02,1.122992113232612610e-02,1.187682431191205978e-02
4.670094251632690430e-01,4.424072504043579102e-01,4.123681783676147461e-02,2.793203294277191162e-02,1.096139289438724518e-02,1.045310497283935547e-02
4.493209123611450195e-01,4.689832627773284912e-01,3.574401140213012695e-02,2.835314720869064331e-02,6.996685173362493515e-03,1.060203835368156433e-02
5.353215336799621582e-01,3.707182109355926514e-01,4.583588242530822754e-02,2.245017141103744507e-02,1.356487534940242767e-02,1.210937369614839554e-02
4.720293879508972168e-01,4.085218906402587891e-01,5.102683976292610168e-02,1.044266950339078903e-02,3.693771362304687500e-02,2.104145288467407227e-02
5.200904011726379395e-01,2.991628050804138184e-01,4.620810598134994507e-02,6.629782728850841522e-03,8.543705195188522339e-02,4.247182235121726990e-02
5.100026130676269531e-01,7.904177904129028320e-02,5.522028729319572449e-02,4.960909020155668259e-03,2.803216576576232910e-01,7.045279443264007568e-02
2.581570446491241455e-01,9.203605353832244873e-02,4.084080085158348083e-02,2.162487944588065147e-03,5.362205505371093750e-01,7.058304548263549805e-02
2.389529496431350708e-01,3.450338169932365417e-02,3.895069286227226257e-02,1.575858099386096001e-03,6.342162489891052246e-01,5.180098861455917358e-02
2.698057293891906738e-01,7.669621706008911133e-02,8.849277347326278687e-02,4.418823402374982834e-03,5.142766833305358887e-01,4.630974680185317993e-02
3.098442256450653076e-01,1.611502617597579956e-01,8.922338485717773438e-02,3.085883334279060364e-03,4.197011590003967285e-01,1.699505560100078583e-02
2.628347575664520264e-01,3.999244868755340576e-01,1.317151039838790894e-01,6.829902529716491699e-03,1.868425607681274414e-01,1.185331214219331741e-02
2.690970897674560547e-01,3.890855312347412109e-01,1.291683316230773926e-01,9.559912607073783875e-03,1.884354799985885620e-01,1.465360820293426514e-02
3.200841248035430908e-01,3.601893484592437744e-01,6.716944277286529541e-02,3.871955210343003273e-03,2.302104830741882324e-01,1.847468875348567963e-02
4.008955955505371094e-01,2.772521078586578369e-01,7.243236154317855835e-02,5.412666127085685730e-03,2.090354859828948975e-01,3.497183695435523987e-02
4.562007188796997070e-01,2.613573074340820312e-01,1.017884165048599243e-01,9.605262428522109985e-03,1.299545317888259888e-01,4.109372198581695557e-02
5.357760190963745117e-01,2.675296366214752197e-01,9.659506380558013916e-02,1.474616490304470062e-02,5.467312783002853394e-02,3.068007901310920715e-02
4.137867689132690430e-01,3.902507424354553223e-01,1.178181692957878113e-01,1.905735209584236145e-02,3.316887095570564270e-02,2.591800503432750702e-02
3.458035290241241455e-01,4.996829330921173096e-01,7.904383540153503418e-02,1.551536843180656433e-02,3.414826840162277222e-02,2.580604329705238342e-02
3.001773357391357422e-01,5.505581498146057129e-01,9.836333245038986206e-02,1.490011252462863922e-02,2.490677498281002045e-02,1.109429635107517242e-02
1.725515276193618774e-01,7.101273536682128906e-01,7.644587755203247070e-02,1.133021898567676544e-02,1.935206167399883270e-02,1.019301079213619232e-02
1.000033468008041382e-01,8.306598663330078125e-01,5.130919814109802246e-02,9.634513407945632935e-03,5.008776672184467316e-03,3.384253475815057755e-03
7.985794544219970703e-02,8.689263463020324707e-01,3.543562814593315125e-02,9.709955193102359772e-03,2.883405657485127449e-03,3.186622168868780136e-03
1.263264268636703491e-01,8.131138682365417480e-01,3.424489125609397888e-02,2.149093896150588989e-02,1.443344634026288986e-03,3.380560548976063728e-03
1.478897482156753540e-01,7.706018090248107910e-01,5.105090141296386719e-02,2.502789534628391266e-02,1.908603240735828876e-03,3.521030070260167122e-03
2.044300884008407593e-01,6.875302791595458984e-01,5.508850887417793274e-02,4.192323982715606689e-02,4.156958777457475662e-03,6.870884448289871216e-03
2.858780622482299805e-01,5.078943371772766113e-01,1.238378882408142090e-01,6.511538475751876831e-02,8.870514109730720520e-03,8.403786458075046539e-03
2.355550378561019897e-01,6.216347813606262207e-01,9.107268601655960083e-02,3.418541327118873596e-02,9.955616667866706848e-03,7.596421521157026291e-03
4.038268923759460449e-01,4.492602944374084473e-01,8.768340945243835449e-02,3.479989245533943176e-02,1.381533872336149216e-02,1.061420049518346786e-02
6.375234723091125488e-01,2.563992142677307129e-01,4.672011733055114746e-02,3.181406483054161072e-02,1.355194114148616791e-02,1.399113610386848450e-02
6.190243363380432129e-01,3.010575175285339355e-01,3.470035642385482788e-02,1.341157499700784683e-02,1.591163314878940582e-02,1.589457690715789795e-02
7.097417116165161133e-01,2.020834833383560181e-01,2.166433632373809814e-02,5.571936722844839096e-03,3.648697212338447571e-02,2.445162087678909302e-02
6.215658783912658691e-01,2.244438976049423218e-01,1.639537699520587921e-02,3.758507082238793373e-03,7.664557546377182007e-02,5.719084665179252625e-02
6.384635567665100098e-01,2.356129288673400879e-01,1.967872492969036102e-02,4.788556136190891266e-03,5.874478071928024292e-02,4.271145164966583252e-02
7.049501538276672363e-01,1.655957996845245361e-01,2.981800027191638947e-02,8.077765814960002899e-03,5.307119712233543396e-02,3.848704323172569275e-02
6.693346500396728516e-01,1.660208553075790405e-01,6.777669489383697510e-02,2.209797687828540802e-02,4.749076440930366516e-02,2.727903611958026886e-02
6.327983140945434570e-01,1.771050244569778442e-01,1.265791356563568115e-01,1.184715703129768372e-02,4.495741426944732666e-02,6.712929345667362213e-03
5.325117707252502441e-01,1.958213150501251221e-01,2.011140733957290649e-01,3.184115886688232422e-02,3.063971176743507385e-02,8.072080090641975403e-03
4.671421647071838379e-01,2.911096513271331787e-01,1.909028440713882446e-01,2.004517987370491028e-02,2.389175072312355042e-02,6.908451206982135773e-03
5.846688151359558105e-01,1.991347074508666992e-01,1.686641424894332886e-01,1.153182145208120346e-02,2.893113158643245697e-02,7.069485262036323547e-03
5.963328480720520020e-01,2.342651039361953735e-01,1.283531486988067627e-01,1.861950196325778961e-02,1.409825868904590607e-02,8.331195451319217682e-03
4.780924916267395020e-01,4.055811762809753418e-01,8.158633112907409668e-02,1.654878072440624237e-02,9.451314806938171387e-03,8.739887736737728119e-03
9.236119687557220459e-02,8.666203022003173828e-01,2.829959616065025330e-02,9.245910681784152985e-03,1.453703851439058781e-03,2.019339241087436676e-03
2.296159230172634125e-02,9.643906354904174805e-01,7.517363410443067551e-03,4.152862355113029480e-03,2.980946737807244062e-04,6.794726941734552383e-04
1.623860932886600494e-02,9.752774238586425781e-01,4.868540447205305099e-03,3.023185068741440773e-03,1.660911802900955081e-04,4.260583955328911543e-04
3.181027621030807495e-02,9.497036337852478027e-01,1.087498664855957031e-02,5.971277598291635513e-03,4.982014070264995098e-04,1.141514629125595093e-03
7.175757735967636108e-02,8.886587619781494141e-01,2.618109807372093201e-02,1.050218567252159119e-02,1.027028774842619896e-03,1.873367116786539555e-03
2.522546052932739258e-01,6.363730430603027344e-01,8.021353930234909058e-02,1.971527934074401855e-02,5.197250284254550934e-03,6.246253382414579391e-03
1.671751439571380615e-01,7.472708821296691895e-01,6.343884766101837158e-02,1.310792192816734314e-02,4.360800608992576599e-03,4.646417219191789627e-03
3.353641927242279053e-01,5.172773599624633789e-01,1.089716628193855286e-01,2.741711400449275970e-02,5.223690997809171677e-03,5.745931062847375870e-03
2.168600708246231079e-01,7.304815053939819336e-01,3.264475241303443909e-02,1.349138654768466949e-02,2.224744996055960655e-03,4.297453910112380981e-03
1.974223852157592773e-01,7.493754029273986816e-01,2.957185171544551849e-02,1.817936077713966370e-02,1.571312430314719677e-03,3.879704279825091362e-03
3.751769363880157471e-01,5.171330571174621582e-01,6.620723009109497070e-02,3.436119481921195984e-02,2.181857824325561523e-03,4.939696751534938812e-03
4.361081421375274658e-01,4.742964506149291992e-01,5.469777062535285950e-02,2.568739652633666992e-02,3.503349609673023224e-03,5.706922151148319244e-03
6.745069622993469238e-01,2.522819340229034424e-01,4.324350878596305847e-02,1.890362799167633057e-02,4.007793962955474854e-03,7.056149654090404510e-03
6.230524182319641113e-01,2.872845828533172607e-01,5.738429352641105652e-02,1.805874146521091461e-02,5.919403396546840668e-03,8.300625719130039215e-03
4.725369215011596680e-01,4.602611064910888672e-01,4.094243794679641724e-02,1.209093816578388214e-02,6.095006596297025681e-03,8.073598146438598633e-03
3.416112959384918213e-01,5.939190983772277832e-01,3.680947795510292053e-02,1.625647023320198059e-02,4.669468384236097336e-03,6.734209600836038589e-03
1.740755438804626465e-01,7.826178669929504395e-01,2.731258608400821686e-02,8.995384909212589264e-03,2.828677883371710777e-03,4.169959109276533127e-03
1.820812523365020752e-01,7.708581089973449707e-01,3.032466769218444824e-02,1.004085317254066467e-02,2.655466087162494659e-03,4.039721563458442688e-03
2.634365558624267578e-01,6.707717180252075195e-01,4.118397086858749390e-02,1.419893372803926468e-02,4.055124241858720779e-03,6.353682838380336761e-03
2.321005314588546753e-01,6.891384124755859375e-01,5.377887561917304993e-02,1.208577305078506470e-02,6.005348172038793564e-03,6.891120690852403641e-03
2.215441316366195679e-01,7.063212990760803223e-01,4.601307585835456848e-02,1.516447775065898895e-02,4.331411793828010559e-03,6.625558715313673019e-03
2.068759351968765259e-01,7.187781929969787598e-01,5.065860599279403687e-02,1.358450297266244888e-02,4.315830767154693604e-03,5.786894354969263077e-03
2.172260582447052002e-01,7.125214934349060059e-01,4.768318310379981995e-02,1.320227980613708496e-02,4.111019894480705261e-03,5.256038624793291092e-03
4.416457712650299072e-01,4.490547180175781250e-01,6.055014953017234802e-02,2.704312466084957123e-02,8.924491703510284424e-03,1.278173178434371948e-02
5.099104046821594238e-01,3.122190833091735840e-01,6.417565792798995972e-02,4.792785272002220154e-02,1.698634214699268341e-02,4.878064244985580444e-02
5.666421055793762207e-01,1.575529426336288452e-01,6.585982441902160645e-02,4.646087810397148132e-02,3.869790583848953247e-02,1.247863769531250000e-01
4.710197448730468750e-01,8.054523915052413940e-02,4.973148927092552185e-02,3.440824151039123535e-02,1.014953181147575378e-01,2.627999782562255859e-01
2.701027691364288330e-01,5.094068869948387146e-02,2.261129580438137054e-02,8.715414442121982574e-03,3.209095001220703125e-01,3.267204165458679199e-01
2.659471631050109863e-01,3.933439031243324280e-02,2.549147792160511017e-02,9.595767594873905182e-03,2.835843563079833984e-01,3.760468661785125732e-01
2.469032108783721924e-01,3.239915519952774048e-02,2.065950445830821991e-02,4.087849985808134079e-03,4.251810610294342041e-01,2.707692682743072510e-01
2.844688892364501953e-01,3.290133178234100342e-02,2.040910348296165466e-02,3.657383378595113754e-03,3.451641798019409180e-01,3.133991062641143799e-01
3.069977462291717529e-01,2.751807123422622681e-02,3.921225294470787048e-02,3.253762843087315559e-03,4.359350800514221191e-01,1.870830655097961426e-01
3.132926523685455322e-01,4.510341584682464600e-02,4.265250638127326965e-02,2.352322451770305634e-03,4.897777736186981201e-01,1.068213433027267456e-01
2.519877552986145020e-01,4.129434376955032349e-02,2.292517945170402527e-02,1.283979974687099457e-03,6.193460226058959961e-01,6.316269934177398682e-02
2.497806400060653687e-01,1.948827318847179413e-02,1.835032738745212555e-02,1.500565907917916775e-03,6.045228242874145508e-01,1.063573211431503296e-01
2.000962942838668823e-01,2.689729817211627960e-02,1.430475711822509766e-02,1.456626225262880325e-03,6.542587280273437500e-01,1.029862985014915466e-01
2.282187640666961670e-01,4.363556206226348877e-02,2.023977786302566528e-02,2.222858602181077003e-03,5.745731592178344727e-01,1.311098933219909668e-01
2.302431911230087280e-01,2.626794949173927307e-02,1.946190558373928070e-02,3.359712893143296242e-03,4.427747130393981934e-01,2.778925895690917969e-01
3.906014263629913330e-01,1.197447776794433594e-01,5.646011978387832642e-02,1.075521018356084824e-02,2.350182533264160156e-01,1.874202042818069458e-01
3.544296622276306152e-01,2.442830801010131836e-01,1.667801141738891602e-01,2.188449352979660034e-02,1.392833441495895386e-01,7.333932071924209595e-02
3.772650659084320068e-01,2.054793536663055420e-01,2.354277074337005615e-01,2.839813195168972015e-02,1.029766201972961426e-01,5.045305564999580383e-02
4.269016087055206299e-01,1.760200858116149902e-01,2.322233468294143677e-01,3.328892961144447327e-02,1.004910320043563843e-01,3.107503801584243774e-02
5.748912096023559570e-01,6.189956143498420715e-02,1.890976130962371826e-01,1.233259402215480804e-02,1.450414657592773438e-01,1.673750579357147217e-02
6.751404404640197754e-01,3.662218898534774780e-02,6.172271817922592163e-02,1.077265851199626923e-02,1.847649067640304565e-01,3.097705170512199402e-02
5.871930122375488281e-01,5.718952417373657227e-02,1.247183904051780701e-01,1.507143490016460419e-02,1.783551573753356934e-01,3.747254610061645508e-02
5.459761619567871094e-01,1.170205920934677124e-01,1.534337550401687622e-01,3.852824866771697998e-02,1.039544269442558289e-01,4.108674451708793640e-02
5.001450777053833008e-01,1.359619349241256714e-01,9.919889271259307861e-02,2.330165542662143707e-02,1.312042325735092163e-01,1.101882532238960266e-01
3.890064060688018799e-01,1.308701783418655396e-01,8.424201607704162598e-02,1.199065893888473511e-02,2.059852927923202515e-01,1.779054403305053711e-01
3.041242361068725586e-01,1.057688221335411072e-01,9.331122785806655884e-02,9.932482615113258362e-03,2.908881902694702148e-01,1.959749758243560791e-01
3.280262351036071777e-01,4.291323572397232056e-02,5.532889068126678467e-02,4.058696795254945755e-03,4.196885526180267334e-01,1.499844491481781006e-01
3.259835243225097656e-01,6.206486746668815613e-02,5.033745244145393372e-02,4.586493596434593201e-03,3.997293114662170410e-01,1.572983264923095703e-01
3.969918191432952881e-01,1.870643943548202515e-01,6.052606180310249329e-02,5.790675058960914612e-03,2.556518316268920898e-01,9.397514909505844116e-02
5.288807153701782227e-01,9.927872568368911743e-02,2.695339731872081757e-02,4.901491571217775345e-03,1.922423988580703735e-01,1.477433294057846069e-01
5.308669805526733398e-01,2.391765117645263672e-01,4.386493563652038574e-02,6.861384026706218719e-03,1.206975877285003662e-01,5.853255465626716614e-02
7.071256041526794434e-01,1.676170974969863892e-01,3.871466964483261108e-02,1.209134422242641449e-02,4.065487161278724670e-02,3.379637002944946289e-02
6.811622977256774902e-01,8.873969316482543945e-02,7.051781564950942993e-02,1.077197212725877762e-02,1.099039316177368164e-01,3.890420123934745789e-02
5.686014890670776367e-01,1.661597192287445068e-01,1.045720651745796204e-01,1.897903159260749817e-02,9.906473010778427124e-02,4.262299090623855591e-02
5.795238614082336426e-01,7.907766848802566528e-02,7.997487485408782959e-02,7.646323181688785553e-03,1.952490955591201782e-01,5.852817371487617493e-02
4.166103601455688477e-01,1.058931350708007812e-01,6.138858571648597717e-02,4.402116406708955765e-03,3.410905897617340088e-01,7.061520218849182129e-02
3.194140791893005371e-01,9.291788935661315918e-02,3.553497791290283203e-02,2.487027551978826523e-03,4.597637355327606201e-01,8.988221734762191772e-02
3.722776472568511963e-01,7.227623462677001953e-02,2.223007939755916595e-02,2.839296590536832809e-03,3.818726241588592529e-01,1.485041677951812744e-01
3.963102996349334717e-01,4.967877641320228577e-02,1.859629526734352112e-02,2.637559548020362854e-03,3.760167360305786133e-01,1.567603498697280884e-01
4.162459373474121094e-01,7.351887226104736328e-02,2.455047890543937683e-02,3.786773653700947762e-03,2.935840487480163574e-01,1.883138269186019897e-01
4.191274642944335938e-01,1.576217114925384521e-01,4.019242897629737854e-02,3.646068973466753960e-03,3.013359606266021729e-01,7.807642966508865356e-02
4.343421161174774170e-01,1.092045679688453674e-01,5.870623514056205750e-02,3.837179159745573997e-03,3.200778365135192871e-01,7.383207976818084717e-02
3.255185782909393311e-01,1.430504024028778076e-01,5.919947102665901184e-02,3.754389239475131035e-03,3.975114822387695312e-01,7.096560299396514893e-02
2.204326540231704712e-01,9.473095089197158813e-02,5.500752106308937073e-02,4.807237070053815842e-03,5.315699577331542969e-01,9.345167130231857300e-02
2.110065668821334839e-01,1.805073954164981842e-02,1.890291087329387665e-02,3.418734762817621231e-03,4.718803763389587402e-01,2.767406105995178223e-01
2.011839002370834351e-01,1.752893440425395966e-02,2.447634190320968628e-02,3.907123580574989319e-03,5.495941638946533203e-01,2.033095061779022217e-01
2.487902939319610596e-01,9.193030185997486115e-03,1.722100190818309784e-02,3.371695522218942642e-03,4.156129658222198486e-01,3.058109879493713379e-01
2.619424164295196533e-01,8.594105020165443420e-03,1.183811109513044357e-02,2.219504211097955704e-03,3.877996802330017090e-01,3.276062011718750000e-01
3.439064323902130127e-01,1.302890107035636902e-02,1.545271649956703186e-02,3.828976303339004517e-03,2.936888933181762695e-01,3.300941288471221924e-01
2.630830109119415283e-01,9.617387317121028900e-03,9.164211340248584747e-03,3.730131313204765320e-03,1.223948150873184204e-01,5.920104980468750000e-01
2.066462934017181396e-01,1.806524209678173065e-02,8.906552568078041077e-03,6.706702057272195816e-03,8.022746443748474121e-02,6.794478297233581543e-01
1.636499762535095215e-01,1.227543130517005920e-02,8.836872875690460205e-03,5.655560642480850220e-03,7.232565432786941528e-02,7.372564077377319336e-01
1.255486756563186646e-01,1.022470742464065552e-02,5.658748559653759003e-03,3.897826885804533958e-03,5.422481521964073181e-02,8.004452586174011230e-01
1.981523931026458740e-01,1.484602224081754684e-02,1.149104349315166473e-02,4.587479401379823685e-03,1.207880750298500061e-01,6.501349806785583496e-01
3.281723260879516602e-01,6.629616022109985352e-02,4.091561585664749146e-02,1.147793699055910110e-02,1.817546039819717407e-01,3.713833391666412354e-01
3.209255337715148926e-01,1.807041466236114502e-01,4.825105890631675720e-02,2.809208072721958160e-02,1.032775640487670898e-01,3.187496364116668701e-01
3.528961241245269775e-01,3.302936553955078125e-01,8.420975506305694580e-02,4.633586481213569641e-02,9.488420933485031128e-02,9.138025343418121338e-02
4.478556513786315918e-01,1.833584308624267578e-01,7.070156931877136230e-02,2.298689819872379303e-02,1.789571046829223633e-01,9.614036977291107178e-02
2.527422308921813965e-01,7.626625895500183105e-02,5.375041067600250244e-02,3.963875118643045425e-03,5.599551200866699219e-01,5.332211405038833618e-02
2.987663149833679199e-01,2.582845650613307953e-02,2.073340117931365967e-02,2.928147558122873306e-03,4.496551752090454102e-01,2.020885497331619263e-01
3.219042420387268066e-01,1.296164095401763916e-02,1.694774441421031952e-02,2.592642093077301979e-03,3.631826341152191162e-01,2.824111282825469971e-01
3.036325573921203613e-01,8.717223070561885834e-03,1.490512117743492126e-02,3.262363839894533157e-03,2.046738713979721069e-01,4.648088514804840088e-01
3.595595657825469971e-01,1.182785071432590485e-02,3.821879625320434570e-02,6.898318883031606674e-03,2.101590037345886230e-01,3.733365535736083984e-01
3.524767458438873291e-01,7.520668674260377884e-03,3.749554604291915894e-02,3.423586487770080566e-03,2.615392208099365234e-01,3.375442922115325928e-01
3.033076226711273193e-01,1.807136647403240204e-02,8.808241039514541626e-02,4.502398427575826645e-03,4.118978977203369141e-01,1.741383224725723267e-01
4.069766998291015625e-01,9.282507002353668213e-02,1.732811629772186279e-01,1.105794962495565414e-02,2.501247227191925049e-01,6.573432683944702148e-02
5.252372622489929199e-01,1.530635058879852295e-01,9.616434574127197266e-02,1.178125757724046707e-02,1.408129930496215820e-01,7.294064760208129883e-02
5.426396131515502930e-01,2.625230550765991211e-01,1.156818568706512451e-01,2.461002394556999207e-02,2.949472144246101379e-02,2.505065314471721649e-02
5.302767753601074219e-01,3.716218173503875732e-01,5.927013978362083435e-02,2.583772316575050354e-02,5.328077822923660278e-03,7.665542419999837875e-03
7.387278676033020020e-01,1.620400249958038330e-01,4.446518421173095703e-02,3.816362470388412476e-02,4.587626550346612930e-03,1.201569009572267532e-02
6.959083080291748047e-01,1.546555757522583008e-01,8.385638892650604248e-02,3.283748403191566467e-02,1.208316441625356674e-02,2.065900340676307678e-02
7.132079005241394043e-01,8.098267018795013428e-02,6.578458100557327271e-02,2.302181348204612732e-02,4.304061084985733032e-02,7.396240532398223877e-02
6.338512301445007324e-01,2.811851724982261658e-02,4.479242488741874695e-02,9.128239937126636505e-03,1.354132145643234253e-01,1.486962884664535522e-01
3.305765092372894287e-01,3.721349686384201050e-02,3.709874674677848816e-02,8.339975029230117798e-03,2.779931426048278809e-01,3.087781965732574463e-01
2.298371642827987671e-01,4.161424934864044189e-02,2.177684940397739410e-02,6.727803964167833328e-03,3.216167092323303223e-01,3.784272670745849609e-01
3.096928894519805908e-01,8.157639205455780029e-02,5.350214615464210510e-02,1.022518612444400787e-02,3.323483169078826904e-01,2.126550525426864624e-01
3.410037457942962646e-01,6.063914671540260315e-02,4.042970016598701477e-02,7.438396103680133820e-03,3.416046798229217529e-01,2.088842839002609253e-01
4.934175908565521240e-01,2.916109003126621246e-02,3.697210177779197693e-02,6.217234767973423004e-03,2.440828979015350342e-01,1.901490390300750732e-01
4.603193700313568115e-01,9.058897383511066437e-03,1.548223756253719330e-02,3.020690986886620522e-03,2.770878672599792480e-01,2.350309044122695923e-01
3.575755953788757324e-01,7.200188934803009033e-03,7.565527688711881638e-03,3.294511465355753899e-03,1.679247170686721802e-01,4.564394354820251465e-01
2.487588077783584595e-01,2.434225566685199738e-02,9.646959602832794189e-03,6.801045499742031097e-03,1.475733220577239990e-01,5.628777146339416504e-01
3.228813707828521729e-01,4.140605032444000244e-02,1.316060870885848999e-02,7.899413816630840302e-03,1.602213978767395020e-01,4.544312357902526855e-01
3.489555716514587402e-01,8.145305514335632324e-02,1.870532147586345673e-02,1.175609324127435684e-02,1.462143957614898682e-01,3.929155468940734863e-01
3.162257969379425049e-01,3.448351100087165833e-02,1.201357692480087280e-02,7.346336729824542999e-03,1.518954932689666748e-01,4.780352711677551270e-01
4.567482471466064453e-01,3.047047741711139679e-02,2.399721369147300720e-02,1.109451893717050552e-02,1.412902623414993286e-01,3.363993167877197266e-01
3.997651040554046631e-01,9.718130342662334442e-03,1.944642327725887299e-02,1.280761323869228363e-02,1.089633777737617493e-01,4.492993354797363281e-01
2.722721695899963379e-01,4.668444860726594925e-03,1.351322885602712631e-02,6.253453437238931656e-03,1.648022234439849854e-01,5.384905338287353516e-01
3.430305719375610352e-01,1.188216079026460648e-02,5.238840728998184204e-02,8.042115718126296997e-03,3.736485540866851807e-01,2.110081613063812256e-01
2.579603791236877441e-01,1.155830360949039459e-02,2.556620165705680847e-02,3.607604885473847389e-03,4.805845916271209717e-01,2.207229733467102051e-01
2.829756438732147217e-01,2.284914255142211914e-02,3.991563990712165833e-02,5.400022026151418686e-03,4.235224723815917969e-01,2.253370881080627441e-01
4.658434092998504639e-01,1.092216148972511292e-01,1.347077190876007080e-01,2.129208669066429138e-02,1.771978437900543213e-01,9.173736721277236938e-02
3.730925619602203369e-01,2.190209776163101196e-01,5.831393599510192871e-02,4.132105782628059387e-02,1.169364154338836670e-01,1.913150250911712646e-01
4.696480333805084229e-01,9.044927358627319336e-02,6.292505562305450439e-02,2.774421684443950653e-02,1.660408228635787964e-01,1.831926256418228149e-01
3.932411968708038330e-01,7.697234302759170532e-02,4.963225498795509338e-02,1.218948140740394592e-02,2.754362821578979492e-01,1.925283968448638916e-01
3.658104836940765381e-01,5.503907427191734314e-02,2.551300451159477234e-02,8.065029047429561615e-03,2.951901555061340332e-01,2.503822743892669678e-01
2.196852564811706543e-01,1.066977437585592270e-02,1.242182403802871704e-02,1.850892091169953346e-03,5.649655461311340332e-01,1.904067695140838623e-01
2.009195089340209961e-01,2.442068234086036682e-02,1.574391126632690430e-02,2.914509037509560585e-03,5.262078046798706055e-01,2.297935634851455688e-01
2.478706389665603638e-01,3.018637374043464661e-02,1.804789714515209198e-02,2.194882603362202644e-03,5.243287086486816406e-01,1.773715168237686157e-01
2.235552817583084106e-01,4.520977661013603210e-02,2.136763557791709900e-02,1.436377991922199726e-03,6.436871886253356934e-01,6.474369764328002930e-02
1.688458621501922607e-01,9.210388362407684326e-02,2.728060446679592133e-02,1.419181586243212223e-03,6.852717995643615723e-01,2.507871761918067932e-02
1.471935957670211792e-01,1.893709748983383179e-01,3.968090191483497620e-02,1.717165694572031498e-03,6.100615262985229492e-01,1.197588164359331131e-02
1.770091652870178223e-01,3.927776217460632324e-01,7.715284079313278198e-02,6.020249798893928528e-03,3.293249011039733887e-01,1.771534979343414307e-02
3.022594451904296875e-01,2.955842614173889160e-01,1.075591742992401123e-01,1.094701234251260757e-02,2.615491747856140137e-01,2.210089005529880524e-02
2.064960598945617676e-01,5.342927575111389160e-01,8.167978376150131226e-02,7.703653536736965179e-03,1.524896919727325439e-01,1.733806543052196503e-02
2.856363058090209961e-01,3.867387473583221436e-01,8.738017827272415161e-02,8.087586611509323120e-03,1.995649039745330811e-01,3.259231522679328918e-02
3.045786321163177490e-01,3.312821686267852783e-01,1.699726730585098267e-01,1.199711207300424576e-02,1.570120155811309814e-01,2.515739388763904572e-02
2.224999517202377319e-01,3.084212243556976318e-01,2.109076082706451416e-01,1.109104324132204056e-02,2.245575636625289917e-01,2.252262085676193237e-02
2.686715424060821533e-01,1.785395294427871704e-01,3.737242221832275391e-01,1.592673547565937042e-02,1.423389315605163574e-01,2.079900912940502167e-02
2.040495723485946655e-01,1.819494366645812988e-01,5.239200592041015625e-01,1.493737380951642990e-02,6.764378398656845093e-02,7.499814033508300781e-03
2.787036597728729248e-01,2.240286320447921753e-01,3.450133204460144043e-01,1.221030298620462418e-02,1.215449050068855286e-01,1.849917136132717133e-02
3.869383931159973145e-01,1.348948031663894653e-01,2.000775784254074097e-01,1.517909858375787735e-02,1.793171763420104980e-01,8.359294384717941284e-02
3.964651226997375488e-01,9.081713110208511353e-02,1.418270319700241089e-01,1.852072216570377350e-02,1.930683255195617676e-01,1.593016535043716431e-01
3.878201544284820557e-01,1.035166308283805847e-01,5.598985031247138977e-02,1.061243563890457153e-02,2.845360636711120605e-01,1.575248390436172485e-01
4.217384159564971924e-01,7.532550394535064697e-02,8.660998195409774780e-02,1.722769625484943390e-02,2.695456147193908691e-01,1.295528113842010498e-01
4.856338500976562500e-01,3.874567523598670959e-02,8.666507154703140259e-02,9.338471107184886932e-03,3.072943389415740967e-01,7.232263684272766113e-02
4.694057404994964600e-01,6.526152789592742920e-02,1.785783171653747559e-01,2.195874415338039398e-02,2.083995193243026733e-01,5.639615654945373535e-02
4.256857335567474365e-01,3.178516030311584473e-02,6.730909645557403564e-02,8.145288564264774323e-03,3.837701678276062012e-01,8.330454677343368530e-02
5.291183590888977051e-01,8.599298447370529175e-02,1.289061754941940308e-01,2.796101011335849762e-02,1.593182086944580078e-01,6.870330125093460083e-02
4.684217870235443115e-01,1.803070008754730225e-01,8.682341873645782471e-02,3.136906027793884277e-02,1.380848586559295654e-01,9.499387443065643311e-02
3.159886300563812256e-01,2.483120858669281006e-01,1.318183243274688721e-01,8.419980295002460480e-03,2.687664628028869629e-01,2.669450081884860992e-02
3.648438453674316406e-01,2.829766571521759033e-01,1.257533282041549683e-01,9.476864710450172424e-03,1.816710829734802246e-01,3.527822345495223999e-02
3.211599588394165039e-01,1.012916639447212219e-01,4.242324829101562500e-02,1.500035868957638741e-03,5.050383210182189941e-01,2.858677878975868225e-02
2.592169046401977539e-01,2.321909554302692413e-02,2.825284004211425781e-02,5.324853700585663319e-04,6.679484844207763672e-01,2.083018235862255096e-02
2.659829854965209961e-01,6.867487728595733643e-02,2.732132747769355774e-02,9.998226305469870567e-04,6.035078167915344238e-01,3.351309150457382202e-02
3.568363487720489502e-01,3.990083560347557068e-02,2.360448613762855530e-02,1.442210632376372814e-03,4.851521551609039307e-01,9.306395053863525391e-02
4.437277913093566895e-01,6.120587140321731567e-02,2.997915260493755341e-02,3.531715832650661469e-03,3.146466016769409180e-01,1.469089835882186890e-01
6.102107167243957520e-01,1.070974841713905334e-01,6.369844079017639160e-02,2.229396626353263855e-02,6.415624916553497314e-02,1.325431615114212036e-01
7.479320168495178223e-01,7.581681758165359497e-02,3.194096311926841736e-02,2.747823484241962433e-02,2.520846016705036163e-02,9.162353724241256714e-02
7.100060582160949707e-01,1.685718148946762085e-01,3.602710738778114319e-02,4.446487873792648315e-02,8.369387127459049225e-03,3.256069496273994446e-02
7.690917253494262695e-01,1.096075475215911865e-01,4.010328277945518494e-02,5.560569837689399719e-02,8.195469155907630920e-03,1.739632152020931244e-02
6.988067626953125000e-01,1.245675459504127502e-01,7.988353818655014038e-02,2.987862378358840942e-02,3.798003122210502625e-02,2.888353914022445679e-02
6.739940643310546875e-01,7.717102766036987305e-02,6.353475153446197510e-02,1.391278207302093506e-02,8.543045818805694580e-02,8.595693856477737427e-02
5.650043487548828125e-01,2.585520409047603607e-02,6.663380563259124756e-02,7.106368429958820343e-03,2.020858526229858398e-01,1.333143860101699829e-01
4.224366247653961182e-01,2.205188572406768799e-02,2.573651447892189026e-02,4.114917945116758347e-03,2.656672894954681396e-01,2.599928081035614014e-01
3.053883314132690430e-01,3.428170457482337952e-02,2.486468665301799774e-02,3.219316480681300163e-03,3.731597959995269775e-01,2.590861618518829346e-01
2.889501452445983887e-01,7.755524665117263794e-02,2.574020251631736755e-02,2.841884735971689224e-03,4.610314369201660156e-01,1.438811123371124268e-01
2.461270689964294434e-01,1.779963970184326172e-01,4.230185970664024353e-02,3.342518815770745277e-03,4.543838202953338623e-01,7.584830373525619507e-02
2.307916432619094849e-01,1.347086578607559204e-01,6.210114434361457825e-02,3.131723264232277870e-03,5.308929681777954102e-01,3.837389498949050903e-02
2.842998504638671875e-01,1.001075729727745056e-01,8.930356800556182861e-02,1.298292167484760284e-02,3.898862302303314209e-01,1.234199106693267822e-01
2.359855473041534424e-01,2.819264307618141174e-02,4.162851348519325256e-02,2.987961750477552414e-03,5.933771729469299316e-01,9.782810509204864502e-02
2.084694206714630127e-01,1.013909466564655304e-02,2.353768236935138702e-02,2.654499374330043793e-03,6.359171271324157715e-01,1.192821934819221497e-01
1.720253974199295044e-01,5.886933766305446625e-03,1.393424533307552338e-02,8.341285865753889084e-04,7.366855144500732422e-01,7.063376158475875854e-02
1.517210155725479126e-01,8.431343361735343933e-03,1.104912161827087402e-02,5.609031650237739086e-04,7.766243815422058105e-01,5.161319300532341003e-02
1.417921781539916992e-01,8.578928187489509583e-03,1.198317483067512512e-02,6.655922625213861465e-04,7.674598693847656250e-01,6.952027231454849243e-02
1.862570047378540039e-01,1.782594062387943268e-02,2.104377001523971558e-02,1.325027202256023884e-03,6.882780790328979492e-01,8.527017384767532349e-02
1.758662909269332886e-01,2.107740566134452820e-02,1.772539503872394562e-02,1.206228975206613541e-03,7.109814882278442383e-01,7.314316928386688232e-02
1.869505494832992554e-01,1.532494742423295975e-02,1.625233702361583710e-02,2.346960129216313362e-03,6.685134172439575195e-01,1.106117889285087585e-01
1.849024444818496704e-01,2.497351914644241333e-02,2.340194769203662872e-02,2.342214342206716537e-03,7.051471471786499023e-01,5.923278629779815674e-02
2.346829324960708618e-01,3.246087580919265747e-02,2.644998580217361450e-02,3.291039494797587395e-03,6.257882118225097656e-01,7.732693850994110107e-02
2.304138243198394775e-01,2.969663403928279877e-02,3.418552875518798828e-02,4.359918180853128433e-03,6.275966167449951172e-01,7.374742627143859863e-02
2.478512972593307495e-01,4.623934626579284668e-02,3.741046413779258728e-02,5.285452585667371750e-03,5.735472440719604492e-01,8.966625481843948364e-02
2.742381691932678223e-01,6.845381110906600952e-02,4.172236844897270203e-02,3.224223852157592773e-03,5.351089835166931152e-01,7.725248485803604126e-02
2.897320091724395752e-01,2.972881868481636047e-02,2.609204873442649841e-02,3.197890706360340118e-03,5.045362114906311035e-01,1.467130035161972046e-01
3.247314989566802979e-01,3.174430131912231445e-02,3.112146072089672089e-02,3.701851936057209969e-03,3.983059525489807129e-01,2.103948742151260376e-01
3.118823170661926270e-01,4.577625170350074768e-02,3.513123840093612671e-02,2.847640542313456535e-03,4.758817255496978760e-01,1.284807622432708740e-01
2.693848907947540283e-01,2.525621466338634491e-02,2.284113690257072449e-02,2.448941115289926529e-03,4.888043999671936035e-01,1.912643909454345703e-01
2.181299477815628052e-01,2.009302750229835510e-02,2.085518650710582733e-02,2.703500911593437195e-03,5.076439976692199707e-01,2.305743396282196045e-01
3.330110311508178711e-01,6.782199442386627197e-02,3.944960981607437134e-02,6.721650715917348862e-03,3.737314641475677490e-01,1.792642623186111450e-01
4.674830138683319092e-01,1.215815395116806030e-01,4.788040369749069214e-02,1.297369692474603653e-02,1.603869944810867310e-01,1.896943449974060059e-01
5.503188967704772949e-01,2.376991659402847290e-01,8.066811412572860718e-02,3.081537969410419464e-02,3.426751866936683655e-02,6.623087823390960693e-02
6.229612231254577637e-01,2.592334449291229248e-01,5.867428332567214966e-02,3.067848458886146545e-02,9.525208733975887299e-03,1.892730221152305603e-02
7.845098972320556641e-01,9.143082052469253540e-02,3.653549030423164368e-02,1.420830655843019485e-02,2.435095980763435364e-02,4.896451160311698914e-02
6.592488884925842285e-01,7.365626841783523560e-02,3.108904324471950531e-02,1.304722856730222702e-02,6.284084916114807129e-02,1.601177304983139038e-01
4.268874526023864746e-01,3.616020455956459045e-02,2.116701006889343262e-02,7.813520729541778564e-03,1.432606577873229980e-01,3.647112548351287842e-01
2.371568679809570312e-01,1.051418390125036240e-02,1.201436389237642288e-02,3.736439859494566917e-03,2.014374136924743652e-01,5.351406931877136230e-01
1.468008458614349365e-01,7.966953329741954803e-03,9.644418023526668549e-03,3.696522675454616547e-03,1.780173927545547485e-01,6.538738608360290527e-01
1.850022524595260620e-01,7.820783182978630066e-03,1.479360926896333694e-02,4.397512413561344147e-03,1.742109209299087524e-01,6.137748360633850098e-01
1.913961172103881836e-01,1.012532413005828857e-02,1.407667715102434158e-02,4.008250311017036438e-03,1.698003262281417847e-01,6.105933189392089844e-01
2.071195691823959351e-01,2.012242749333381653e-02,1.700182817876338959e-02,4.300133790820837021e-03,2.834511101245880127e-01,4.680049121379852295e-01
2.178967446088790894e-01,9.935432113707065582e-03,1.289308071136474609e-02,3.346091136336326599e-03,2.265498042106628418e-01,5.293788313865661621e-01
2.193156182765960693e-01,2.540121600031852722e-02,1.886471360921859741e-02,3.016595495864748955e-03,4.305964410305023193e-01,3.028054237365722656e-01
2.376585155725479126e-01,2.255812846124172211e-02,2.005097083747386932e-02,3.173877485096454620e-03,4.051797389984130859e-01,3.113787472248077393e-01
2.922725975513458252e-01,1.735430955886840820e-02,3.183360025286674500e-02,3.580460324883460999e-03,3.054918944835662842e-01,3.494671881198883057e-01
2.762466669082641602e-01,4.971045628190040588e-02,3.545949235558509827e-02,2.899711718782782555e-03,5.008934140205383301e-01,1.347902715206146240e-01
3.246240913867950439e-01,4.942293465137481689e-02,3.965959697961807251e-02,5.378788802772760391e-03,4.352037608623504639e-01,1.457109004259109497e-01
3.372460007667541504e-01,3.918749839067459106e-02,3.465146571397781372e-02,4.914765711873769760e-03,4.644880592823028564e-01,1.195121780037879944e-01
3.481389880180358887e-01,6.083885580301284790e-02,2.924829535186290741e-02,8.802642114460468292e-03,3.827089965343475342e-01,1.702621728181838989e-01
4.131082594394683838e-01,2.704520709812641144e-02,2.870062738656997681e-02,7.358683273196220398e-03,2.846324443817138672e-01,2.391548156738281250e-01
4.557401835918426514e-01,2.234003320336341858e-02,2.322719804942607880e-02,5.924038123339414597e-03,2.240002006292343140e-01,2.687683403491973877e-01
3.288098871707916260e-01,2.834129892289638519e-02,1.720285043120384216e-02,4.251789767295122147e-03,2.055692523717880249e-01,4.158249497413635254e-01
2.453354746103286743e-01,2.196074090898036957e-02,1.118614803999662399e-02,4.084013402462005615e-03,1.404042690992355347e-01,5.770292878150939941e-01
2.131540328264236450e-01,1.877907663583755493e-02,1.020857505500316620e-02,3.591849235817790031e-03,2.176499217748641968e-01,5.366165637969970703e-01
1.862246394157409668e-01,1.732807792723178864e-02,8.080159313976764679e-03,2.746079117059707642e-03,1.637818515300750732e-01,6.218391060829162598e-01
1.826795935630798340e-01,1.684571988880634308e-02,8.793837390840053558e-03,3.454656805843114853e-03,1.688027679920196533e-01,6.194233894348144531e-01
2.064948230981826782e-01,1.044622901827096939e-02,8.193247951567173004e-03,2.395324641838669777e-03,2.094404101371765137e-01,5.630299448966979980e-01
2.044096142053604126e-01,4.738793708384037018e-03,7.901534438133239746e-03,2.007254865020513535e-03,3.053235113620758057e-01,4.756193459033966064e-01
1.320804506540298462e-01,3.858617972582578659e-03,4.538661334663629532e-03,1.544357044622302055e-03,3.321854472160339355e-01,5.257924795150756836e-01
1.727519333362579346e-01,3.959129098802804947e-03,5.688917823135852814e-03,1.820853794924914837e-03,2.941384911537170410e-01,5.216405987739562988e-01
2.241703867912292480e-01,4.904625937342643738e-03,8.562352508306503296e-03,1.768062356859445572e-03,3.980093002319335938e-01,3.625852763652801514e-01
3.268610537052154541e-01,5.779427010565996170e-03,2.039441466331481934e-02,3.419108223170042038e-03,2.915030419826507568e-01,3.520430326461791992e-01
4.358396828174591064e-01,1.349160820245742798e-02,3.836923837661743164e-02,3.347152378410100937e-03,3.107643127441406250e-01,1.981879472732543945e-01
4.552019536495208740e-01,1.601374335587024689e-02,5.260728672146797180e-02,3.948467783629894257e-03,3.255846202373504639e-01,1.466439366340637207e-01
5.002798438072204590e-01,2.937194705009460449e-02,5.718429759144783020e-02,4.115942865610122681e-03,2.602455317974090576e-01,1.488024890422821045e-01
4.470971226692199707e-01,2.245444618165493011e-02,5.372868478298187256e-02,4.721572622656822205e-03,2.718546688556671143e-01,2.001434862613677979e-01
4.971822500228881836e-01,1.954315602779388428e-02,2.823937498033046722e-02,4.277348518371582031e-03,2.244060635566711426e-01,2.263518273830413818e-01
4.587423801422119141e-01,1.116406824439764023e-02,2.524549514055252075e-02,4.946516361087560654e-03,1.836126297712326050e-01,3.162889480590820312e-01
3.849062323570251465e-01,1.991838589310646057e-02,4.322556406259536743e-02,4.124624188989400864e-03,3.931628465652465820e-01,1.546623259782791138e-01
3.438762724399566650e-01,1.465047895908355713e-02,4.292837902903556824e-02,3.225457854568958282e-03,4.522889554500579834e-01,1.430304646492004395e-01
2.657686471939086914e-01,4.388068988919258118e-02,5.350403487682342529e-02,5.556046962738037109e-03,4.774405360221862793e-01,1.538501083850860596e-01
2.771114408969879150e-01,5.165201425552368164e-02,4.569453373551368713e-02,3.660754533484578133e-03,5.271009206771850586e-01,9.478027373552322388e-02
3.623260855674743652e-01,7.369975745677947998e-02,5.812235921621322632e-02,8.213150314986705780e-03,3.241057097911834717e-01,1.735329926013946533e-01
2.906003594398498535e-01,2.888698689639568329e-02,1.575569808483123779e-02,6.562573369592428207e-03,2.352671623229980469e-01,4.229272007942199707e-01
3.070147931575775146e-01,1.073640398681163788e-02,1.419446058571338654e-02,4.736992530524730682e-03,1.981932967901229858e-01,4.651240408420562744e-01
2.826133966445922852e-01,1.312148012220859528e-02,1.511492766439914703e-02,4.758784081786870956e-03,2.472735047340393066e-01,4.371179044246673584e-01
1.828012019395828247e-01,9.350602515041828156e-03,1.085901632905006409e-02,3.186051966622471809e-03,2.610477507114410400e-01,5.327553749084472656e-01
1.832049041986465454e-01,8.448284119367599487e-03,1.131250616163015366e-02,2.959577599540352821e-03,2.381713241338729858e-01,5.559034347534179688e-01
2.144889831542968750e-01,3.119400143623352051e-02,2.300964109599590302e-02,4.665300715714693069e-03,3.639769852161407471e-01,3.626650273799896240e-01
2.604321837425231934e-01,3.691084682941436768e-02,3.387444838881492615e-02,5.713067483156919479e-03,2.760166227817535400e-01,3.870528042316436768e-01
2.467268109321594238e-01,2.161982282996177673e-02,4.081378877162933350e-02,4.178878851234912872e-03,4.023427069187164307e-01,2.843180596828460693e-01
2.788407504558563232e-01,3.005859628319740295e-02,2.349586412310600281e-02,2.849999349564313889e-03,4.281688928604125977e-01,2.365859299898147583e-01
2.449745386838912964e-01,2.371495217084884644e-02,1.648917421698570251e-02,2.033033408224582672e-03,5.129104852676391602e-01,1.998778730630874634e-01
3.520833849906921387e-01,1.850730367004871368e-02,1.593684405088424683e-02,2.904078690335154533e-03,3.309718668460845947e-01,2.795965373516082764e-01
3.320366442203521729e-01,1.857989095151424408e-02,1.677335612475872040e-02,2.482136944308876991e-03,3.937160968780517578e-01,2.364118397235870361e-01
3.150206506252288818e-01,3.068188577890396118e-02,2.893217466771602631e-02,3.775783348828554153e-03,4.094903767108917236e-01,2.120990604162216187e-01
3.248958587646484375e-01,4.730890318751335144e-02,7.991816848516464233e-02,5.433158483356237411e-03,4.276172518730163574e-01,1.148266792297363281e-01
2.795069515705108643e-01,1.850184798240661621e-02,4.520064219832420349e-02,2.858370076864957809e-03,4.919979274272918701e-01,1.619341969490051270e-01
2.707395553588867188e-01,3.663740679621696472e-02,5.411262065172195435e-02,3.875036258250474930e-03,4.981834292411804199e-01,1.364519447088241577e-01
2.434095889329910278e-01,1.727982982993125916e-02,2.914700098335742950e-02,4.742470569908618927e-03,3.732032179832458496e-01,3.322179913520812988e-01
1.903416514396667480e-01,8.286031894385814667e-03,1.267882529646158218e-02,1.012926176190376282e-02,1.746279895305633545e-01,6.039363145828247070e-01
2.083348929882049561e-01,2.407351881265640259e-02,2.594712376594543457e-02,2.305641211569309235e-02,1.913162469863891602e-01,5.272717475891113281e-01
2.518112361431121826e-01,3.082299791276454926e-02,3.773829340934753418e-02,1.786410622298717499e-02,2.808576822280883789e-01,3.809056282043457031e-01
3.030733168125152588e-01,4.324039444327354431e-02,4.855325818061828613e-02,1.496267877519130707e-02,3.457320332527160645e-01,2.444382160902023315e-01
2.823740839958190918e-01,3.369897976517677307e-02,3.184674680233001709e-02,3.081135451793670654e-03,4.586983621120452881e-01,1.903006434440612793e-01
4.638651609420776367e-01,6.851175427436828613e-02,8.457145094871520996e-02,7.262146100401878357e-03,2.695293128490447998e-01,1.062601804733276367e-01
5.210480690002441406e-01,1.297932267189025879e-01,7.961975783109664917e-02,1.659658551216125488e-02,1.234759688377380371e-01,1.294664144515991211e-01
5.389435887336730957e-01,1.247573047876358032e-01,1.069911047816276550e-01,1.511812023818492889e-02,1.379096806049346924e-01,7.628020644187927246e-02
5.551653504371643066e-01,1.166743487119674683e-01,5.819044262170791626e-02,2.025646530091762543e-02,8.153150230646133423e-02,1.681818515062332153e-01
3.923103511333465576e-01,3.400697186589241028e-02,1.726493425667285919e-02,6.201218813657760620e-03,2.218515425920486450e-01,3.283650577068328857e-01
2.071358710527420044e-01,1.020984258502721786e-02,6.197710055857896805e-03,4.306135233491659164e-03,1.697100400924682617e-01,6.024404764175415039e-01
1.458664387464523315e-01,2.955121919512748718e-03,2.550368197262287140e-03,2.548833843320608139e-03,6.435038149356842041e-02,7.817289233207702637e-01
1.279982775449752808e-01,2.490442479029297829e-03,2.816603053361177444e-03,2.321350853890180588e-03,8.035306632518768311e-02,7.840203046798706055e-01
2.682529985904693604e-01,6.030384451150894165e-03,7.931875996291637421e-03,7.873081602156162262e-03,7.326573878526687622e-02,6.366459131240844727e-01
4.122824966907501221e-01,1.849237084388732910e-02,2.953832969069480896e-02,2.583648264408111572e-02,6.766723841428756714e-02,4.461830854415893555e-01
5.717976093292236328e-01,2.950169518589973450e-02,6.609325110912322998e-02,4.914733022451400757e-02,4.728863760828971863e-02,2.361714690923690796e-01
6.722902655601501465e-01,3.792270272970199585e-02,5.884721130132675171e-02,3.785983100533485413e-02,5.600657314062118530e-02,1.370734125375747681e-01
6.325826048851013184e-01,5.724339932203292847e-02,6.165803596377372742e-02,2.816811390221118927e-02,7.000754028558731079e-02,1.503404229879379272e-01
4.878278672695159912e-01,6.076546385884284973e-02,6.434001028537750244e-02,1.151645183563232422e-02,1.889339387416839600e-01,1.866163462400436401e-01
3.404050171375274658e-01,3.118526004254817963e-02,2.139540016651153564e-02,5.030142609030008316e-03,2.737321555614471436e-01,3.282519578933715820e-01
2.527062296867370605e-01,4.844545200467109680e-02,3.377829492092132568e-02,4.263340029865503311e-03,4.018259346485137939e-01,2.589807212352752686e-01
2.489804476499557495e-01,6.330861151218414307e-02,2.173107489943504333e-02,5.602981429547071457e-03,2.694315612316131592e-01,3.909453153610229492e-01
2.429920285940170288e-01,3.935475274920463562e-02,1.005266420543193817e-02,5.146428942680358887e-03,1.162687689065933228e-01,5.861853361129760742e-01
2.366279810667037964e-01,2.416992001235485077e-02,8.429898880422115326e-03,5.885197781026363373e-03,5.043973773717880249e-02,6.744472384452819824e-01
2.233356535434722900e-01,9.762905538082122803e-03,6.504095625132322311e-03,3.181172301992774010e-03,8.905957639217376709e-02,6.681566238403320312e-01
2.887843549251556396e-01,1.120551861822605133e-02,1.151415146887302399e-02,3.238797653466463089e-03,1.721122264862060547e-01,5.131449699401855469e-01
3.794022202491760254e-01,3.315701335668563843e-02,3.885352611541748047e-02,5.830897483974695206e-03,3.421688079833984375e-01,2.005875557661056519e-01
3.974690437316894531e-01,1.154353022575378418e-01,8.679510653018951416e-02,1.064334996044635773e-02,3.029309809207916260e-01,8.672622591257095337e-02
3.398636281490325928e-01,2.105393260717391968e-01,1.730723530054092407e-01,2.135689556598663330e-02,2.108338326215744019e-01,4.433393850922584534e-02
3.124351203441619873e-01,4.206850528717041016e-01,1.002772375941276550e-01,2.843657881021499634e-02,9.672614932060241699e-02,4.143989831209182739e-02
3.479938209056854248e-01,3.487500846385955811e-01,1.013787537813186646e-01,2.295156009495258331e-02,1.150034070014953613e-01,6.392235308885574341e-02
2.585383951663970947e-01,1.331890076398849487e-01,4.087055101990699768e-02,4.956429824233055115e-03,4.850744605064392090e-01,7.737104594707489014e-02
3.370799720287322998e-01,1.069198325276374817e-01,4.453928396105766296e-02,5.034623201936483383e-03,4.095372855663299561e-01,9.688902646303176880e-02
2.744234800338745117e-01,5.662473291158676147e-02,2.406175807118415833e-02,1.767090288922190666e-03,5.907527208328247070e-01,5.237016826868057251e-02
4.979451000690460205e-01,8.159846812486648560e-02,3.842648863792419434e-02,6.023826077580451965e-03,3.245060741901397705e-01,5.150011181831359863e-02
6.515557169914245605e-01,1.265380531549453735e-01,3.763586655259132385e-02,1.904817670583724976e-02,1.127660498023033142e-01,5.245615169405937195e-02
6.548025012016296387e-01,2.178274393081665039e-01,4.634666815400123596e-02,2.783158421516418457e-02,2.834867686033248901e-02,2.484322525560855865e-02
7.747944593429565430e-01,7.985922694206237793e-02,2.495202235877513885e-02,4.898947477340698242e-02,1.204589661210775375e-02,5.935890227556228638e-02
6.527573466300964355e-01,6.892167031764984131e-02,2.220403775572776794e-02,2.899161726236343384e-02,3.076938353478908539e-02,1.963559985160827637e-01
5.515384674072265625e-01,3.673687577247619629e-02,2.361737377941608429e-02,1.635920256376266479e-02,8.162266761064529419e-02,2.901253998279571533e-01
2.904415726661682129e-01,1.489008311182260513e-02,2.228148467838764191e-02,7.171858567744493484e-03,2.526895999908447266e-01,4.125254750251770020e-01
2.151872515678405762e-01,1.582976803183555603e-02,2.913953922688961029e-02,4.687380511313676834e-03,4.387681782245635986e-01,2.963878810405731201e-01
2.801035940647125244e-01,2.358232066035270691e-02,2.229393459856510162e-02,4.682419821619987488e-03,2.751709818840026855e-01,3.941667675971984863e-01
3.011507093906402588e-01,1.840330660343170166e-02,1.176024507731199265e-02,3.030681516975164413e-03,2.781807482242584229e-01,3.874742984771728516e-01
3.218060135841369629e-01,1.464188750833272934e-02,9.214449673891067505e-03,2.308079041540622711e-03,2.377391606569290161e-01,4.142904579639434814e-01
3.035504817962646484e-01,1.210859604179859161e-02,2.209235914051532745e-02,3.806748427450656891e-03,3.076842129230499268e-01,3.507576584815979004e-01
3.819740414619445801e-01,2.365288697183132172e-02,4.684278741478919983e-02,1.399850938469171524e-02,1.917100697755813599e-01,3.418216705322265625e-01
3.560901880264282227e-01,3.687129169702529907e-02,6.533645838499069214e-02,1.803556829690933228e-02,2.538321018218994141e-01,2.698344290256500244e-01
3.073068261146545410e-01,3.327150270342826843e-02,7.085621356964111328e-02,2.809728682041168213e-02,1.795702874660491943e-01,3.808979392051696777e-01
3.147926926612854004e-01,5.957549810409545898e-02,6.596264243125915527e-02,1.160214934498071671e-02,3.733184635639190674e-01,1.747484505176544189e-01
2.360499352216720581e-01,1.977052539587020874e-02,1.759889908134937286e-02,3.809674875810742378e-03,3.878611624240875244e-01,3.349097371101379395e-01
1.262365877628326416e-01,4.408604931086301804e-03,6.145485676825046539e-03,8.818256901577115059e-04,6.797974705696105957e-01,1.825301051139831543e-01
1.199539080262184143e-01,7.704950869083404541e-03,7.475650403648614883e-03,1.697916304692625999e-03,6.626483798027038574e-01,2.005192190408706665e-01
1.603788882493972778e-01,5.676410160958766937e-03,7.312392350286245346e-03,2.539565321058034897e-03,3.881003856658935547e-01,4.359923601150512695e-01
2.143595814704895020e-01,7.826735265552997589e-03,1.272949483245611191e-02,4.000071901828050613e-03,4.042128026485443115e-01,3.568712472915649414e-01
2.250450700521469116e-01,5.835923831909894943e-03,1.552075427025556564e-02,2.860998036339879036e-03,5.101910233497619629e-01,2.405461817979812622e-01
2.435676753520965576e-01,1.726304367184638977e-02,2.501241676509380341e-02,4.209980834275484085e-03,5.489737987518310547e-01,1.609731167554855347e-01
2.574015259742736816e-01,1.400651596486568451e-02,2.634022757411003113e-02,3.342005424201488495e-03,5.868468284606933594e-01,1.120628714561462402e-01
1.996275186538696289e-01,2.798454649746417999e-02,1.748796552419662476e-02,1.715668477118015289e-03,6.751319169998168945e-01,7.805240154266357422e-02
2.386754751205444336e-01,2.826833538711071014e-02,1.825660467147827148e-02,3.565692342817783356e-03,5.094619989395141602e-01,2.017719149589538574e-01
2.394582927227020264e-01,2.889198809862136841e-02,1.516185980290174484e-02,4.952264949679374695e-03,3.009987473487854004e-01,4.105368554592132568e-01
1.684158295392990112e-01,5.547252949327230453e-03,6.987438071519136429e-03,4.211422987282276154e-03,1.560577303171157837e-01,6.587802767753601074e-01
1.322945207357406616e-01,3.981927875429391861e-03,5.572417750954627991e-03,3.903145669028162956e-03,1.745210886001586914e-01,6.797268986701965332e-01
1.952045261859893799e-01,6.010839249938726425e-03,7.015794515609741211e-03,2.802551956847310066e-03,2.613460421562194824e-01,5.276202559471130371e-01
2.178777456283569336e-01,1.160198170691728592e-02,9.593363851308822632e-03,2.710539149120450020e-03,4.017806649208068848e-01,3.564357757568359375e-01
1.805248260498046875e-01,8.171076886355876923e-03,8.796987123787403107e-03,1.428012503311038017e-03,5.627106428146362305e-01,2.383684068918228149e-01
1.700562685728073120e-01,1.123898662626743317e-02,8.782791905105113983e-03,8.925171568989753723e-04,6.842922568321228027e-01,1.247372031211853027e-01
1.223446950316429138e-01,3.866829210892319679e-03,7.054976187646389008e-03,4.005957744084298611e-04,8.079230189323425293e-01,5.840994790196418762e-02
1.261246651411056519e-01,4.866741597652435303e-03,7.463209331035614014e-03,5.485506262630224228e-04,7.862179279327392578e-01,7.477895170450210571e-02
1.797087043523788452e-01,9.857638739049434662e-03,1.347568351775407791e-02,1.244228798896074295e-03,7.004320025444030762e-01,9.528177231550216675e-02
2.555915713310241699e-01,7.112667895853519440e-03,1.387310121208429337e-02,2.647931687533855438e-03,5.438685417175292969e-01,1.769062280654907227e-01
2.515845596790313721e-01,1.602343842387199402e-02,1.718009263277053833e-02,3.111565718427300453e-03,5.437318086624145508e-01,1.683685630559921265e-01
3.131771385669708252e-01,1.939100585877895355e-02,3.208193555474281311e-02,3.102251328527927399e-03,5.584159493446350098e-01,7.383166998624801636e-02
1.232389062643051147e-01,1.772632449865341187e-02,1.617147959768772125e-02,5.643786862492561340e-04,8.228426575660705566e-01,1.945615187287330627e-02
1.986812353134155273e-01,2.133974246680736542e-02,2.933352440595626831e-02,1.242774305865168571e-03,6.929864287376403809e-01,5.641625449061393738e-02
1.722098439931869507e-01,1.433578412979841232e-02,1.963510550558567047e-02,1.511572976596653461e-03,7.071036696434020996e-01,8.520397543907165527e-02
1.517094224691390991e-01,6.330101750791072845e-03,1.523083820939064026e-02,2.854871330782771111e-03,6.162289977073669434e-01,2.076458036899566650e-01
1.753755062818527222e-01,8.103526197373867035e-03,1.201242953538894653e-02,5.654963664710521698e-03,3.034627735614776611e-01,4.953907430171966553e-01
2.060393244028091431e-01,6.105853710323572159e-03,1.428095251321792603e-02,3.373014740645885468e-03,5.706368684768676758e-01,1.995639801025390625e-01
1.843089759349822998e-01,6.848224438726902008e-03,8.778384886682033539e-03,2.544773509725928307e-03,5.107437968254089355e-01,2.867757976055145264e-01
2.387218475341796875e-01,1.345657650381326675e-02,8.586158975958824158e-03,2.251823199912905693e-03,3.618815839290618896e-01,3.751020431518554688e-01
2.580949664115905762e-01,1.544309686869382858e-02,8.341460488736629486e-03,2.480382332578301430e-03,2.667746841907501221e-01,4.488653838634490967e-01
2.023283243179321289e-01,8.792095817625522614e-03,6.427682470530271530e-03,2.552484627813100815e-03,1.269268840551376343e-01,6.529725790023803711e-01
1.989134103059768677e-01,7.412543520331382751e-03,4.019598942250013351e-03,2.653500996530056000e-03,4.955939948558807373e-02,7.374415397644042969e-01
2.628174126148223877e-01,5.507156718522310257e-03,6.681773345917463303e-03,2.246254356577992439e-03,1.143955737352371216e-01,6.083517074584960938e-01
3.006566464900970459e-01,8.147622458636760712e-03,1.204050984233617783e-02,3.049449063837528229e-03,1.637302637100219727e-01,5.123755335807800293e-01
3.887868821620941162e-01,9.123977273702621460e-03,1.459960173815488815e-02,2.681010868400335312e-03,1.749151498079299927e-01,4.098933637142181396e-01
2.779973745346069336e-01,1.091847941279411316e-02,2.636899612843990326e-02,2.348453272134065628e-03,4.293560087680816650e-01,2.530107498168945312e-01
2.375097423791885376e-01,1.511626970022916794e-02,3.503508493304252625e-02,1.433290890417993069e-03,6.174324750900268555e-01,9.347312152385711670e-02
2.006424665451049805e-01,1.234673615545034409e-02,2.251469530165195465e-02,1.287442864850163460e-03,6.496078968048095703e-01,1.136008352041244507e-01
1.852055639028549194e-01,1.304141990840435028e-02,2.353841252624988556e-02,1.701154513284564018e-03,6.591622233390808105e-01,1.173511520028114319e-01
2.806010246276855469e-01,2.376087196171283722e-02,4.636238142848014832e-02,3.490757895633578300e-03,4.942974746227264404e-01,1.514875292778015137e-01
3.460096120834350586e-01,7.445622235536575317e-02,5.040584132075309753e-02,5.782043095678091049e-03,4.179440736770629883e-01,1.054022088646888733e-01
4.996397197246551514e-01,4.350247234106063843e-02,1.402403563261032104e-01,1.296462398022413254e-02,2.251279503107070923e-01,7.852485775947570801e-02
3.664469122886657715e-01,1.377004981040954590e-01,1.541522890329360962e-01,1.074339821934700012e-02,2.987889647483825684e-01,3.216798976063728333e-02
3.106417655944824219e-01,1.548122018575668335e-01,1.217727586627006531e-01,6.957282312214374542e-03,3.857118785381317139e-01,2.010402642190456390e-02
2.059971988201141357e-01,1.114619895815849304e-01,1.006403192877769470e-01,4.352425225079059601e-03,5.514809489250183105e-01,2.606708370149135590e-02
1.792752146720886230e-01,1.264472454786300659e-01,9.148939698934555054e-02,5.474759265780448914e-03,5.653898715972900391e-01,3.192354366183280945e-02
2.475535869598388672e-01,2.158706486225128174e-01,2.391909211874008179e-01,2.702414244413375854e-02,2.324858307838439941e-01,3.787482902407646179e-02
2.614442110061645508e-01,1.803043931722640991e-01,4.795171692967414856e-02,8.021520450711250305e-03,4.107104539871215820e-01,9.156776219606399536e-02
4.328914582729339600e-01,8.607765287160873413e-02,7.522729784250259399e-02,2.670423686504364014e-02,2.331444323062896729e-01,1.459549516439437866e-01
4.274100661277770996e-01,2.398977987468242645e-02,2.030971273779869080e-02,7.348047569394111633e-03,2.319130450487136841e-01,2.890292704105377197e-01
3.855862319469451904e-01,2.441279031336307526e-02,1.630103960633277893e-02,6.219880189746618271e-03,1.937080770730972290e-01,3.737719655036926270e-01
4.245795011520385742e-01,1.428976375609636307e-02,1.631572283804416656e-02,3.959159832447767258e-03,1.999020725488662720e-01,3.409538269042968750e-01
